Issue Type,Summary,Priority,Owner,Reviewers,Description,Acceptance Criteria,Technical Notes
Story,MidasUI Repository Architecture & Backend Connection,High,Ronnie L. Nelson,"Tyler Graff, Austin Herrling","Preserve ability for MidasUI to connect to MIDAS backend now that the UI is in a dedicated repository.","- MidasUI can grab configuration to connect to MIDAS backend URI
- Connection works for localhost development
- Connection works for remote backend environments
- Configuration file supports environment-specific backend URIs","Consider whether Midas should grab MidasUI as a leaf node, or have a package that grabs both Midas and MidasUI. MidasUI should read backend URI from configuration file."
Technical Task,Dependency & Package Management Strategy,Medium,Ronnie L. Nelson,"Tyler Graff, Austin Herrling","Establish clear dependency management strategy for Midas backend and MidasUI frontend.","- Decision documented: Midas grabs MidasUI as leaf node vs. monorepo package
- Implementation approach selected and documented
- Dependencies can be installed/built consistently
- Both local development and deployment workflows supported","Options: (1) Midas grabs MidasUI as leaf node, (2) Parent package grabs both, (3) Separate repos with config-based integration"
Technical Task,Build Mock Backend in MidasUI Repository,High,Tyler Graff,"Ronnie L. Nelson, Austin Herrling","Build a mock backend in the MidasUI repository to enable frontend development without requiring full Midas backend.","- Mock backend implements key API endpoints
- Uses test fixtures for responses
- Supports local development workflow
- Documented in README with run instructions
- Can toggle between mock and real backend via configuration","Use test fixtures for data. Backend call support for integrations. Support localhost development."
Feature,ATO Ready / MidasUI Athena SBOM Integration,Medium,Ronnie L. Nelson,"Tyler Graff, Austin Herrling","Integrate Athena SBOM (Software Bill of Materials) into ATO Ready / MidasUI workflow.","- MidasUI can fetch Athena SBOM data
- SBOM data displayed in appropriate UI section
- Integration works with external ATO Ready deployment
- Error handling for unavailable/invalid SBOM data","Related to separate ticket for ATO Ready Chatbot (Figjam reference)"
Technical Task,ATO Ready External Deployment Configuration,Medium,Ronnie L. Nelson,"Tyler Graff, Austin Herrling","Enable ATO Ready to run in external/production environments beyond localhost development.","- Environment-specific configuration support
- Backend URI configuration for external deployments
- Deployment documentation created
- Security considerations documented (if applicable)",""
Spike,ATO Ready Chatbot Integration (Future),Low,TBD,"Ronnie L. Nelson, Tyler Graff, Austin Herrling","Explore chatbot functionality for ATO Ready based on Figjam concepts. This is a future enhancement to be scoped later.","Research Questions:
- What chatbot capabilities are needed?
- How does this relate to existing Midas chatbot?
- What backend integrations are required?
- Form field auto-population from chatbot questions?","See Figjam for design concepts. Review Midas chatbot capabilities for reuse. Separate ticket - not for current sprint. May involve form field population from conversational questions."
Documentation,MidasUI Documentation - Ownership & Build Instructions,High,Ronnie L. Nelson,"Tyler Graff, Austin Herrling","Create comprehensive documentation for MidasUI repository.","- README.md includes clear ownership information
- Build instructions documented (all dependencies, steps)
- Run instructions for local development
- Configuration options documented (backend URIs, etc.)
- Mock backend usage documented
- Deployment instructions included
- Contribution guidelines added","Ownership: Ronnie L. Nelson (Owner), Tyler Graff and Austin Herrling (Reviewers)"
Discovery,Validate Customer Requirements with AIE,High,Ronnie L. Nelson,"Tyler Graff, Austin Herrling","Based on meeting discussion, validate what AIE customer actually needs to see vs. internal tooling/workflows.","- Demo prepared showing current Barbados outputs
- Meeting scheduled with AIE stakeholders
- Questions prepared: What resonates? If not, why?
- Customer feedback documented
- Requirements refined based on feedback","Key questions: Do customers need workflows/STIG ingestion or only final outputs? Which outputs are most valuable? Ronnie has best signal on customer needs. Barbados currently proof-of-concept with some promising outputs (like Diggs)."
